,task_name,prompt_type,original_input,prompt,0_shot_cot_first_out,gpt_output,original_target
0,listops,self_consistency,[SM [SM 2 3 3 2] 3 [MAX 3 2 8 9] 1],"Q: MIN, MAX and SM are operators on lists of single-digit integers which have the semantics of minimum, maximum and sum modulo 10, respectively. Solve the following expression involving these operators:
[SM [SM 2 3 3 2] 3 [MAX 3 2 8 9] 1].

A: Let's think step-by-step.","First, we'll perform the operations in the innermost brackets:
- SM 2 3 3 2 results in (2 + 3 + 3 + 2) mod 10 = 10 mod 10 = 0.
- MAX 3 2 8 9 results in the maximum digit among 3, 2, 8, 9 which is 9.

Replacing these in the original expression gives: SM [0] 3 [9] 1.

Next, perform the SM operation:
- SM 0 3 9 1 results in (0 + 3 + 9 + 1) mod 10 = 13 mod 10 = 3.

The result of the operation is 3.",3,3
1,listops,self_consistency,[SM 9 [MAX 8 5 8 2] [SM 7 0 5 7] 9],"Q: MIN, MAX and SM are operators on lists of single-digit integers which have the semantics of minimum, maximum and sum modulo 10, respectively. Solve the following expression involving these operators:
[SM 9 [MAX 8 5 8 2] [SM 7 0 5 7] 9].

A: Let's think step-by-step.","First, calculate the MAX operation: [MAX 8 5 8 2] equals 8 (since 8 is the maximum value in the list).

Second, calculate the other SM operation: [SM 7 0 5 7] equals 19 (sum of all the numbers in the list), but since it's modulo 10, it equals 9.

So, the initial expression transforms into: [SM 9 8 9 9].

Lastly, calculate the final SM operation: [SM 9 8 9 9] equals 35, but since it's modulo 10, it equals 5.

Therefore, the final result of the expression [SM 9 [MAX 8 5 8 2] [SM 7 0 5 7] 9] is 5.",5,5
2,listops,self_consistency,[SM 7 [MIN 9 8 5 9] [MIN 2 5 9 2] 0],"Q: MIN, MAX and SM are operators on lists of single-digit integers which have the semantics of minimum, maximum and sum modulo 10, respectively. Solve the following expression involving these operators:
[SM 7 [MIN 9 8 5 9] [MIN 2 5 9 2] 0].

A: Let's think step-by-step.","First, we find the minimum value within the first set of numbers (9, 8, 5, 9). The minimum value is 5.

Next, we find the minimum value within the second set of numbers (2, 5, 9, 2). The minimum value is 2. 

Now, the expression becomes [SM 7 5 2 0]. 

Then, we add all those numbers (7, 5, 2, 0). 7 + 5 + 2 + 0 = 14

Finally, modulo 10 is applied to the Sum. Since 14 mod 10 = 4, the final result of the expression is 4.
So, the answer is 4.",4,4
3,listops,self_consistency,[SM 2 [MAX 6 5 2 7] 4 [MIN 6 6 4 9]],"Q: MIN, MAX and SM are operators on lists of single-digit integers which have the semantics of minimum, maximum and sum modulo 10, respectively. Solve the following expression involving these operators:
[SM 2 [MAX 6 5 2 7] 4 [MIN 6 6 4 9]].

A: Let's think step-by-step.","Firstly we find the maximum of 6,5,2,7 which is 7. So, the expression can be simplified to [SM 2 7 4 [MIN 6 6 4 9]].

Next, we find the minimum of 6,6,4,9 which is 4. The expression can be further simplified to [SM 2 7 4 4].

Now the sum of all the numbers in the updated expression is 2 + 7 + 4 + 4 = 17.

Finally, we consider the last operator which is modulo 10, so the final result is 17 modulo 10 = 7.",7,7
4,listops,self_consistency,[MAX 7 [SM 0 8 1 1] 6 [MAX 1 8 7 7]],"Q: MIN, MAX and SM are operators on lists of single-digit integers which have the semantics of minimum, maximum and sum modulo 10, respectively. Solve the following expression involving these operators:
[MAX 7 [SM 0 8 1 1] 6 [MAX 1 8 7 7]].

A: Let's think step-by-step.","Firstly, we need to calculate the SM operator which is sum modulo 10 for the numbers inside it. The sum of 0, 8, 1, 1 is 10. Modulo 10 of 10 is 0. 

The expression is then transformed to: [MAX 7 0 6 [MAX 1 8 7 7]]

Next, calculate the MAX operator for the numbers inside it which is 8 as it is the maximum amongst 1, 8, 7, 7.

Now the expression is: [MAX 7 0 6 8]

Lastly, calculate the MAX operator for the whole expression. The maximum among 7, 0, 6, 8 is 8.

So, the final answer of the expression is 8.",8,8
5,listops,self_consistency,[MAX 4 [MAX 2 3 7 3] [MAX 6 1 1 7] 8],"Q: MIN, MAX and SM are operators on lists of single-digit integers which have the semantics of minimum, maximum and sum modulo 10, respectively. Solve the following expression involving these operators:
[MAX 4 [MAX 2 3 7 3] [MAX 6 1 1 7] 8].

A: Let's think step-by-step.","First, let's solve the inner MAX expressions: 
[MAX 2 3 7 3] will give us the maximum number in the list which is 7.
[MAX 6 1 1 7] will give us the maximum number in the list which is 7.

Then, the expression becomes:
[MAX 4 7 7 8]. 
Solving this will give us the maximum number in the list which is 8. So the answer is 8.",8,8
6,listops,self_consistency,[SM 8 [MIN 7 4 8 2] 3 [SM 8 4 3 6]],"Q: MIN, MAX and SM are operators on lists of single-digit integers which have the semantics of minimum, maximum and sum modulo 10, respectively. Solve the following expression involving these operators:
[SM 8 [MIN 7 4 8 2] 3 [SM 8 4 3 6]].

A: Let's think step-by-step.","First, we operate the MIN operator: [MIN 7 4 8 2] = 2 , as 2 is the smallest number in that list.

So the expression now is [SM 8 2 3 [SM 8 4 3 6]]

Next, we perform the SM operation on [SM 8 4 3 6] = (8+4+3+6) mod 10 = 21 mod 10 = 1 , because the sum is 21 and we take the last digit after division by 10.

So the expression now is [SM 8 2 3 1]

Finally, we perform the SM operation on [SM 8 2 3 1] = (8+2+3+1) mod 10 = 14 mod 10 = 4 , because the sum is 14 and we take the last digit after division by 10.

So the final answer is 4.",4,4
7,listops,self_consistency,[MIN [SM 4 3 6 2] 3 [MAX 9 8 4 3] 7],"Q: MIN, MAX and SM are operators on lists of single-digit integers which have the semantics of minimum, maximum and sum modulo 10, respectively. Solve the following expression involving these operators:
[MIN [SM 4 3 6 2] 3 [MAX 9 8 4 3] 7].

A: Let's think step-by-step.","Firstly, calculate the inside brackets:
SM 4 3 6 2 equals (4 + 3 + 6 + 2) mod 10 = 15 mod 10 = 5.
MAX 9 8 4 3 equals the maximum number in this list, which is 9.

So the expression becomes [MIN 5 3 9 7].

The minimum number in this list is 3. So the answer is 3.",3,3
8,listops,self_consistency,[MIN [SM 8 0 4 9] 0 [SM 5 2 2 8] 3],"Q: MIN, MAX and SM are operators on lists of single-digit integers which have the semantics of minimum, maximum and sum modulo 10, respectively. Solve the following expression involving these operators:
[MIN [SM 8 0 4 9] 0 [SM 5 2 2 8] 3].

A: Let's think step-by-step.","First, calculate the SM (sum modulo 10) values: 

SM 8 0 4 9 = (8+0+4+9) mod 10 = 21 mod 10 = 1
SM 5 2 2 8 = (5+2+2+8) mod 10 = 17 mod 10 = 7

Now the expression becomes: MIN [1 0 7 3]

The minimum value in this list is 0, so the final answer is 0.",0,0
9,listops,self_consistency,[SM [MAX 3 3 3 4] 7 [SM 0 8 5 2] 7],"Q: MIN, MAX and SM are operators on lists of single-digit integers which have the semantics of minimum, maximum and sum modulo 10, respectively. Solve the following expression involving these operators:
[SM [MAX 3 3 3 4] 7 [SM 0 8 5 2] 7].

A: Let's think step-by-step.","First, we've to find out the result of [MAX 3 3 3 4], which will give us the maximum value among the numbers inside the brackets, i.e., 4.

Second, we've to find out the result of [SM 0 8 5 2], which means the sum of the numbers inside the brackets modulo 10. The sum of these numbers is 15. And, 15 modulo 10 is 5.

So, the expression simplifies to [SM 4 7 5 7], which computes the sum of these numbers modulo 10, which is 23 mod 10 = 3.

So, the result of the given expression is 3.",3,3
10,listops,self_consistency,[MAX [SM 1 1 8 7] [MIN 0 6 8 0] 5 9],"Q: MIN, MAX and SM are operators on lists of single-digit integers which have the semantics of minimum, maximum and sum modulo 10, respectively. Solve the following expression involving these operators:
[MAX [SM 1 1 8 7] [MIN 0 6 8 0] 5 9].

A: Let's think step-by-step.","Firstly, evaluate the innermost operations. Those are SM 1 1 8 7 and MIN 0 6 8 0. 
SM 1 1 8 7 = (1+1+8+7) modulo 10 = 17 modulo 10 = 7. 
MIN 0 6 8 0 = the minimum number among 0, 6, 8, and 0 is 0.

So now the expression turns into MAX [7 0 5 9].

The maximum number among 7, 0, 5, and 9 is 9.

Therefore, MAX [SM 1 1 8 7] [MIN 0 6 8 0] 5 9 = 9.",9,9
11,listops,self_consistency,[MIN 0 3 [MAX 7 2 5 7] [MAX 8 3 6 1]],"Q: MIN, MAX and SM are operators on lists of single-digit integers which have the semantics of minimum, maximum and sum modulo 10, respectively. Solve the following expression involving these operators:
[MIN 0 3 [MAX 7 2 5 7] [MAX 8 3 6 1]].

A: Let's think step-by-step.","First, let's solve the MAX operations. The maximum value between 7, 2, 5, 7 is 7. And the maximum value between 8, 3, 6, 1 is 8. Substitute these values into the expression, the expression becomes:
[MIN 0 3 7 8].

Now let's find the minimum value between 0, 3, 7, 8, which is 0. So the final result of the expression is 0.",0,0
12,listops,self_consistency,[MIN [MIN 9 0 5 1] 4 [MIN 3 8 0 4] 6],"Q: MIN, MAX and SM are operators on lists of single-digit integers which have the semantics of minimum, maximum and sum modulo 10, respectively. Solve the following expression involving these operators:
[MIN [MIN 9 0 5 1] 4 [MIN 3 8 0 4] 6].

A: Let's think step-by-step.","First, let's resolve the MIN functions, which select the smallest number in their respective lists:

[MIN 9 0 5 1] = 0
[MIN 3 8 0 4] = 0

So the expression is now:

[MIN 0 4 0 6]

Finally, the MIN among 0, 4, 0, and 6 is obviously 0. So the answer is 0.",0,0
13,listops,self_consistency,[MIN [SM 9 0 6 4] [MIN 0 9 5 7] 3 2],"Q: MIN, MAX and SM are operators on lists of single-digit integers which have the semantics of minimum, maximum and sum modulo 10, respectively. Solve the following expression involving these operators:
[MIN [SM 9 0 6 4] [MIN 0 9 5 7] 3 2].

A: Let's think step-by-step.","First, we apply the SM operator on the list [9,0,6,4]. The sum of these numbers is 19, and modulo 10, it gives us 9.

Next, we apply the MIN operator on the list [0,9,5,7]. The minimum number in this list is 0.

So, we have [MIN 9 0 3 2], where 0 is minimum, so the solution is 0.",0,0
14,listops,self_consistency,[SM [SM 7 1 8 6] 3 [MAX 5 8 4 4] 8],"Q: MIN, MAX and SM are operators on lists of single-digit integers which have the semantics of minimum, maximum and sum modulo 10, respectively. Solve the following expression involving these operators:
[SM [SM 7 1 8 6] 3 [MAX 5 8 4 4] 8].

A: Let's think step-by-step.","First, solve the innermost parentheses: 
SM 7 1 8 6 = (7 + 1 + 8 + 6) mod 10 = 22 mod 10 = 2
MAX 5 8 4 4 = 8 

Then, we substitute these values recursively back into the equation, which simplifies to:

SM [2] 3 [8] 8 = SM 2 3 8 8
= (2 + 3 + 8 + 8) mod 10 = 21 mod 10 = 1.

So, the final answer is 1.",1,1
15,listops,self_consistency,[SM 8 [SM 0 6 1 3] [MIN 3 0 8 2] 4],"Q: MIN, MAX and SM are operators on lists of single-digit integers which have the semantics of minimum, maximum and sum modulo 10, respectively. Solve the following expression involving these operators:
[SM 8 [SM 0 6 1 3] [MIN 3 0 8 2] 4].

A: Let's think step-by-step.","Firstly, let's solve for the sub-expressions [SM 0 6 1 3] and [MIN 3 0 8 2]. 
SM stands for sum modulo 10, and SM 0 6 1 3 would calculate the sum of 0, 6, 1, 3 and then find the modulo 10 of the sum. The sum is 0 + 6 + 1 + 3 = 10, and 10 modulo 10 is 0.
MIN stands for minimum, and MIN 3 0 8 2 would find the smallest number among 3, 0, 8, 2. The smallest number in the list is 0. 

So we now reduce the expression to [SM 8 0 0 4]. 

We then perform the second operation, SM 8 0 0 4, which added all the numbers 8, 0, 0, 4 and found their modulo 10. The sum is 8 + 0 + 0 + 4 = 12, and 12 modulo 10 is 2. 

So the answer to the expression is 2.",2,2
16,listops,self_consistency,[SM 1 [MIN 4 1 5 7] [SM 9 6 7 6] 7],"Q: MIN, MAX and SM are operators on lists of single-digit integers which have the semantics of minimum, maximum and sum modulo 10, respectively. Solve the following expression involving these operators:
[SM 1 [MIN 4 1 5 7] [SM 9 6 7 6] 7].

A: Let's think step-by-step.","First, we solve the inner most operations:

[MIN 4 1 5 7] = 1 (since 1 is the smallest number)

[SM 9 6 7 6] = (9 + 6 + 7 + 6) modulo 10 = 28 modulo 10 = 8 (since the sum exceeds 10, we just take the last digit)

Then the expression becomes:

[SM 1 1 8 7] = (1 + 1 + 8 + 7) modulo 10 = 17 modulo 10 = 7. 

So, the answer is 7.",7,7
17,listops,self_consistency,[MIN [MAX 7 3 5 2] 2 5 [MIN 3 5 8 3]],"Q: MIN, MAX and SM are operators on lists of single-digit integers which have the semantics of minimum, maximum and sum modulo 10, respectively. Solve the following expression involving these operators:
[MIN [MAX 7 3 5 2] 2 5 [MIN 3 5 8 3]].

A: Let's think step-by-step.","First, let's solve the innermost expressions: 

- [MAX 7 3 5 2] results in 7 (maximum among 7, 3, 5, 2)
- [MIN 3 5 8 3] results in 3 (minimum among 3, 5, 8, 3)

So, [MIN [MAX 7 3 5 2] 2 5 [MIN 3 5 8 3]] turns into [MIN 7 2 5 3]. 

Next, to find the minimum among 7, 2, 5, 3 would result in 2.

So the final answer to the expression is 2.",2,2
18,listops,self_consistency,[MIN 6 [MIN 1 4 0 8] 9 [MAX 9 3 0 5]],"Q: MIN, MAX and SM are operators on lists of single-digit integers which have the semantics of minimum, maximum and sum modulo 10, respectively. Solve the following expression involving these operators:
[MIN 6 [MIN 1 4 0 8] 9 [MAX 9 3 0 5]].

A: Let's think step-by-step.","1. We first resolve the innermost operations:
   [MIN 1 4 0 8] results in 0
   [MAX 9 3 0 5] results in 9

2. Now let's substitute these results back into the original expression:
   [MIN 6 0 9 9]

3. The minimum of the list 6,0,9,9 is 0

Therefore, the result of the operation is 0.",0,0
19,listops,self_consistency,[MIN [MIN 0 0 3 4] 0 1 [SM 2 3 5 9]],"Q: MIN, MAX and SM are operators on lists of single-digit integers which have the semantics of minimum, maximum and sum modulo 10, respectively. Solve the following expression involving these operators:
[MIN [MIN 0 0 3 4] 0 1 [SM 2 3 5 9]].

A: Let's think step-by-step.","First, calculate the innermost operations:
MIN 0 0 3 4 gives 0.
SM 2 3 5 9 gives (2 + 3 + 5 + 9) mod 10 = 19 mod 10 = 9.

Now, substitute those values in to get a new expression:
MIN [MIN 0] 0 1 [9]

Calculate the MIN 0 operation:
MIN 0 gives 0.

Now, substitute this value in to get a new expression:
MIN 0 0 1 9

Finally, calculate the last MIN operation:
MIN 0 0 1 9 gives 0. 

So, the result of the given expression is 0.",0,0
20,listops,self_consistency,[MAX [MIN 3 7 7 3] 5 [MIN 2 6 2 0] 6],"Q: MIN, MAX and SM are operators on lists of single-digit integers which have the semantics of minimum, maximum and sum modulo 10, respectively. Solve the following expression involving these operators:
[MAX [MIN 3 7 7 3] 5 [MIN 2 6 2 0] 6].

A: Let's think step-by-step.","First, let's solve the two MIN operations first:
MIN 3 7 7 3 = 3
MIN 2 6 2 0 = 0

Then, substitute these values back into the original expression:
MAX [3] 5 [0] 6 = 6.

So, the solution is 6.",6,6
21,listops,self_consistency,[MIN 5 5 [MAX 5 8 8 4] [SM 4 4 8 0]],"Q: MIN, MAX and SM are operators on lists of single-digit integers which have the semantics of minimum, maximum and sum modulo 10, respectively. Solve the following expression involving these operators:
[MIN 5 5 [MAX 5 8 8 4] [SM 4 4 8 0]].

A: Let's think step-by-step.","First, we need to compute each operator from the inside.

In the innermost bracket, we have two operators: MAX and SM. 

For MAX 5 8 8 4, we are looking for the maximum number from the list [5, 8, 8, 4]. Thus, MAX 5 8 8 4 = 8.

For SM 4 4 8 0, we are adding all the numbers in the list [4, 4, 8, 0] modulo 10. We get 4 + 4 + 8 + 0 =16. 16 modulo 10 equals to 6. Thus, SM 4 4 8 0 = 6.

We have now, MIN 5 5 8 6.

For MIN 5 5 8 6, we are looking for the minimum number from the list [5, 5, 8, 6]. Thus, MIN 5 5 8 6 = 5.

So, the overall solution to the expression [MIN 5 5 [MAX 5 8 8 4] [SM 4 4 8 0]] is 5.",5,5
22,listops,self_consistency,[MIN 0 6 [SM 7 2 9 1] [MIN 8 5 3 3]],"Q: MIN, MAX and SM are operators on lists of single-digit integers which have the semantics of minimum, maximum and sum modulo 10, respectively. Solve the following expression involving these operators:
[MIN 0 6 [SM 7 2 9 1] [MIN 8 5 3 3]].

A: Let's think step-by-step.","First, let's calculate the result of [SM 7 2 9 1]. The sum of these numbers is 7+2+9+1=19. We are interested in the result modulo 10, which is 19%10=9.

So the given expression becomes [MIN 0 6 9 [MIN 8 5 3 3]].

Next, let's find the result of the nested operator [MIN 8 5 3 3]. The smallest number in this list is 3.

So now we have [MIN 0 6 9 3].

Finally, let's find the smallest number in this list, which is 0.

So the result of the given expression is 0.",0,0
23,listops,self_consistency,[MIN 3 [SM 4 9 0 1] [SM 6 5 6 6] 3],"Q: MIN, MAX and SM are operators on lists of single-digit integers which have the semantics of minimum, maximum and sum modulo 10, respectively. Solve the following expression involving these operators:
[MIN 3 [SM 4 9 0 1] [SM 6 5 6 6] 3].

A: Let's think step-by-step.","First, we solve the expressions in the innermost brackets.

SM 4 9 0 1: The sum of the numbers 4, 9, 0 and 1 is 14. We then modulus this by 10, which gives us 4.

SM 6 5 6 6: The sum of the numbers 6, 5, 6 and 6 is 23. We then modulus this by 10, which gives us 3.

So, the initial expression simplifies to [MIN 3 4 3 3].

The minimum number in the list 3, 4, 3 and 3 is 3. So, the final output of the expression is 3.",3,3
24,listops,self_consistency,[MAX 7 [MAX 0 1 3 3] [MAX 9 5 2 9] 3],"Q: MIN, MAX and SM are operators on lists of single-digit integers which have the semantics of minimum, maximum and sum modulo 10, respectively. Solve the following expression involving these operators:
[MAX 7 [MAX 0 1 3 3] [MAX 9 5 2 9] 3].

A: Let's think step-by-step.","First, find the MAX of the lists 0,1,3,3 and 9,5,2,9; the results are 3 and 9 respectively.
The initial larger expression is now: [MAX 7 3 9 3].
Finally, the MAX of 7,3,9,3 is 9. So, the answer is 9.",9,9
25,listops,self_consistency,[MIN 1 [SM 2 8 3 2] 1 [MIN 0 1 6 6]],"Q: MIN, MAX and SM are operators on lists of single-digit integers which have the semantics of minimum, maximum and sum modulo 10, respectively. Solve the following expression involving these operators:
[MIN 1 [SM 2 8 3 2] 1 [MIN 0 1 6 6]].

A: Let's think step-by-step.","First, calculate the value inside the first inner brackets, which is the operation SM 2 8 3 2. SM refers to the sum modulo 10. So, adding the numbers inside the brackets gives us 2+8+3+2=15. When we take this modulo 10, we get 5.

Next, let's calculate the value inside the second inner brackets, which is the operation MIN 0 1 6 6. MIN refers to minimum. The smallest number inside the brackets is 0. 

So the expression now becomes [MIN 1 5 1 0]. 

Finally, we calculate the value of the outer brackets, which is the operation MIN 1 5 1 0. Again, MIN refers to minimum. The smallest number inside the brackets is 0.

Therefore, the answer to the expression is 0.",0,0
26,listops,self_consistency,[MAX [MIN 1 4 0 0] 2 8 [MAX 1 0 7 3]],"Q: MIN, MAX and SM are operators on lists of single-digit integers which have the semantics of minimum, maximum and sum modulo 10, respectively. Solve the following expression involving these operators:
[MAX [MIN 1 4 0 0] 2 8 [MAX 1 0 7 3]].

A: Let's think step-by-step.","First, we need to solve two MIN and MAX expression separately. 

In the first inner bracket, [MIN 1 4 0 0], 0 is the smallest single-digit integer. So, [MIN 1 4 0 0] equals to 0.

In the second inner bracket, [MAX 1 0 7 3], 7 is the largest single-digit integer. Hence, [MAX 1 0 7 3] equals to 7.

Now, the expression [MAX [MIN 1 4 0 0] 2 8 [MAX 1 0 7 3]] turns to [MAX 0 2 8 7].

Finally, solve the MAX expression, where 8 is the largest single-digit integer among 0, 2 and 7. So, the result is 8.",8,8
27,listops,self_consistency,[MIN 7 [MIN 3 9 4 4] [SM 9 1 5 2] 1],"Q: MIN, MAX and SM are operators on lists of single-digit integers which have the semantics of minimum, maximum and sum modulo 10, respectively. Solve the following expression involving these operators:
[MIN 7 [MIN 3 9 4 4] [SM 9 1 5 2] 1].

A: Let's think step-by-step.","First, we identify the innermost brackets and conduct the operations specified. 
This gives us:
- [MIN 3 9 4 4] = 3 (since 3 is the smallest number)
- [SM 9 1 5 2] = 17 (since 9+1+5+2 equals 17) and then taking modulo 10, we get 7 (since 17 mod 10 equals 7) 

So, this reduces our original expression to: MIN 7 3 7 1 

Now, the MIN operation will yield the minimum figure of those four numbers, which is 1. 

So, the solution to the expression is 1.",1,1
28,listops,self_consistency,[MAX [MAX 5 0 0 1] 1 [MAX 3 6 0 6] 3],"Q: MIN, MAX and SM are operators on lists of single-digit integers which have the semantics of minimum, maximum and sum modulo 10, respectively. Solve the following expression involving these operators:
[MAX [MAX 5 0 0 1] 1 [MAX 3 6 0 6] 3].

A: Let's think step-by-step.","Firstly, we have two MAX operators inside the bigger one. These two operators are MAX 5 0 0 1 and MAX 3 6 0 6. If we find the maximum values from each operator:

MAX 5 0 0 1 = 5
MAX 3 6 0 6 = 6

Now, if we replace the values of the two inner MAX operations, we have MAX 5 1 6 3. As the MAX operator returns the highest value from its parameters, we find:

MAX 5 1 6 3 = 6",6,6
29,listops,self_consistency,[MIN [MAX 4 9 1 0] 8 1 [MAX 9 2 5 0]],"Q: MIN, MAX and SM are operators on lists of single-digit integers which have the semantics of minimum, maximum and sum modulo 10, respectively. Solve the following expression involving these operators:
[MIN [MAX 4 9 1 0] 8 1 [MAX 9 2 5 0]].

A: Let's think step-by-step.","First, solve for the ""MAX 4 9 1 0"" and ""MAX 9 2 5 0"" operations. The maximum single-digit integer in the list ""4 9 1 0"" is 9, and the maximum in the list ""9 2 5 0"" is also 9.

So, the expression now becomes: 

MIN [9 8 1 9]

The minimum value in this list is 1. So, the final answer is 1.",1,1
30,listops,self_consistency,[MIN 9 6 [MIN 5 1 6 9] [MIN 9 8 4 0]],"Q: MIN, MAX and SM are operators on lists of single-digit integers which have the semantics of minimum, maximum and sum modulo 10, respectively. Solve the following expression involving these operators:
[MIN 9 6 [MIN 5 1 6 9] [MIN 9 8 4 0]].

A: Let's think step-by-step.","First, we need to solve the three MIN operations.
The minimum number of 5, 1, 6 and 9 is 1.
The minimum number of 9, 8, 4 and 0 is 0.
  So now the expression becomes:
[MIN 9 6 1 0].

The minimum number of 9, 6, 1 and 0 is 0.
Hence, solution is 0.",0,0
31,listops,self_consistency,[MIN 9 [SM 6 3 0 2] 1 [SM 7 7 4 4]],"Q: MIN, MAX and SM are operators on lists of single-digit integers which have the semantics of minimum, maximum and sum modulo 10, respectively. Solve the following expression involving these operators:
[MIN 9 [SM 6 3 0 2] 1 [SM 7 7 4 4]].

A: Let's think step-by-step.","First, calculate the values in the SM operations:
SM 6 3 0 2 = (6+3+0+2) mod 10 = 11 mod 10 = 1
SM 7 7 4 4 = (7+7+4+4) mod 10 = 22 mod 10 = 2

Then the expression now becomes:
MIN 9 1 1 2

Finally, the MIN operation gets the smallest value of the list, which is 1. So, the result is 1.",1,1
32,listops,self_consistency,[MIN [SM 0 2 5 6] [MIN 8 9 1 3] 1 1],"Q: MIN, MAX and SM are operators on lists of single-digit integers which have the semantics of minimum, maximum and sum modulo 10, respectively. Solve the following expression involving these operators:
[MIN [SM 0 2 5 6] [MIN 8 9 1 3] 1 1].

A: Let's think step-by-step.","First, let's solve the operations inside each bracket.

The function SM adds all the numbers and gives the result modulo 10:
SM 0 2 5 6 = 0 + 2 + 5 + 6 = 13
13 modulo 10 = 3

The function MIN finds the smallest number in the list:
MIN 8 9 1 3 = 1

Then the expression becomes:
MIN [3] [1] 1 1

Now, let's apply the MIN operator on this expression. Again, the MIN function gives the smallest number amongst the list:
MIN 3 1 1 1 = 1

So, the result of the entire expression is 1.",1,1
33,listops,self_consistency,[MAX [SM 0 0 9 8] 6 6 [MAX 3 1 3 5]],"Q: MIN, MAX and SM are operators on lists of single-digit integers which have the semantics of minimum, maximum and sum modulo 10, respectively. Solve the following expression involving these operators:
[MAX [SM 0 0 9 8] 6 6 [MAX 3 1 3 5]].

A: Let's think step-by-step.","Firstly, [SM 0 0 9 8] means we sum 0+0+9+8 and then take the remainder when dividing by 10. This equals 17 module 10 = 7. 

Secondly, [MAX 3 1 3 5] means we take the maximum in the list 3, 1, 3, 5, which is 5.

Our expression then simplifies to [MAX 7 6 6 5]. The maximum in this list is 7. So, the final answer is 7.",7,7
34,listops,self_consistency,[MIN [SM 9 4 3 7] 9 1 [SM 3 1 1 0]],"Q: MIN, MAX and SM are operators on lists of single-digit integers which have the semantics of minimum, maximum and sum modulo 10, respectively. Solve the following expression involving these operators:
[MIN [SM 9 4 3 7] 9 1 [SM 3 1 1 0]].

A: Let's think step-by-step.","First, calculate the sums inside the MIN operator. SM 9 4 3 7 = (9 + 4 + 3 + 7) mod 10 = 23 mod 10 = 3.

The expression then becomes [MIN 3 9 1 [SM 3 1 1 0]]

Then, calculate the sum: SM 3 1 1 0 = (3 + 1 + 1 + 0) mod 10 = 5 mod 10 = 5.

The expression then becomes [MIN 3 9 1 5].

Finally, find the minimum of those numbers: MIN 3 9 1 5 = 1.

So, the result of the expression [MIN [SM 9 4 3 7] 9 1 [SM 3 1 1 0]] is 1.",1,1
35,listops,self_consistency,[MAX 1 [MIN 0 7 0 3] 4 [SM 0 8 2 9]],"Q: MIN, MAX and SM are operators on lists of single-digit integers which have the semantics of minimum, maximum and sum modulo 10, respectively. Solve the following expression involving these operators:
[MAX 1 [MIN 0 7 0 3] 4 [SM 0 8 2 9]].

A: Let's think step-by-step.","First, let's solve the [MIN 0 7 0 3]. The minimum single-digit integer in this set is 0.

Second, let's solve the [SM 0 8 2 9]. We add the numbers to get 19 and take the result modulo 10 to get 9.

So now our expression looks like:
[MAX 1 0 4 9]

The maximum single-digit integer in this set is 9.

So, the final answer to the expression is 9.",9,9
36,listops,self_consistency,[SM 2 [SM 4 3 9 4] 4 [MIN 6 7 5 1]],"Q: MIN, MAX and SM are operators on lists of single-digit integers which have the semantics of minimum, maximum and sum modulo 10, respectively. Solve the following expression involving these operators:
[SM 2 [SM 4 3 9 4] 4 [MIN 6 7 5 1]].

A: Let's think step-by-step.","First, solve the innermost brackets:
[SM 4 3 9 4] = 4 + 3 + 9 + 4 = 20, but since it's sum modulo 10, we only take the last digit which is 0.

So, the expression becomes:
[SM 2 0 4 [MIN 6 7 5 1]]

Then, solve the next innermost brackets:
[MIN 6 7 5 1] = 1 as it is the smallest number.

So, the expression becomes:
[SM 2 0 4 1] 

Finally, solve the remaining sum modulo:
= 2 + 0 + 4 + 1 = 7 

Therefore, the final answer is 7.",7,7
37,listops,self_consistency,[MIN [SM 9 5 1 3] 5 [SM 8 2 5 5] 0],"Q: MIN, MAX and SM are operators on lists of single-digit integers which have the semantics of minimum, maximum and sum modulo 10, respectively. Solve the following expression involving these operators:
[MIN [SM 9 5 1 3] 5 [SM 8 2 5 5] 0].

A: Let's think step-by-step.","SM 9 5 1 3 = (9+5+1+3) modulo 10 = 18 modulo 10 = 8
SM 8 2 5 5 = (8+2+5+5) modulo 10 = 20 modulo 10 = 0 
Therefore, the expression becomes MIN 8 5 0 0
MIN operation will give the minimum value out of the list [8,5,0,0], which is 0. So, the result of the entire expression is 0.",0,0
38,listops,self_consistency,[SM 4 4 [MIN 9 0 7 8] [SM 8 8 3 7]],"Q: MIN, MAX and SM are operators on lists of single-digit integers which have the semantics of minimum, maximum and sum modulo 10, respectively. Solve the following expression involving these operators:
[SM 4 4 [MIN 9 0 7 8] [SM 8 8 3 7]].

A: Let's think step-by-step.","First, we solve the innermost operations:
[MIN 9 0 7 8] = 0 (since 0 is the minimum among the numbers) and
[SM 8 8 3 7] = 6 (after adding, we get 26, but as a modulo 10 operation, we just keep the last digit, which is 6)

So, the expression becomes:

[SM 4 4 0 6]

Adding all these gives us:

14, and as a modulo 10 operation, we keep the last digit, which gives us 4.",4,4
39,listops,self_consistency,[MAX [MAX 8 6 3 1] 8 [SM 4 2 6 3] 8],"Q: MIN, MAX and SM are operators on lists of single-digit integers which have the semantics of minimum, maximum and sum modulo 10, respectively. Solve the following expression involving these operators:
[MAX [MAX 8 6 3 1] 8 [SM 4 2 6 3] 8].

A: Let's think step-by-step.","Firstly we have to solve MAX and SM operators:
MAX 8 6 3 1 would give us the maximum number from the list which is 8.
SM 4 2 6 3 would give us the sum of these numbers modulo 10 which is (4+2+6+3) mod 10 = 15 mod 10 = 5.
Therefore, the expression would transform to: [MAX 8 8 5 8].
When we apply the MAX operator to this expression, it would give the largest number which is 8. Hence, the solution is 8.",8,8
40,listops,self_consistency,[MAX [MAX 6 9 2 9] [SM 2 4 2 1] 5 4],"Q: MIN, MAX and SM are operators on lists of single-digit integers which have the semantics of minimum, maximum and sum modulo 10, respectively. Solve the following expression involving these operators:
[MAX [MAX 6 9 2 9] [SM 2 4 2 1] 5 4].

A: Let's think step-by-step.","First we solve the inner maximum and sum functions: MAX[6 9 2 9] equals 9, and SM[2 4 2 1] equals 9 (2+4+2+1 = 9). 
So, the expression simplifies to MAX[9 9 5 4], which also equals 9. So the final solution is 9.",9,9
41,listops,self_consistency,[SM [SM 0 4 2 4] [SM 6 8 5 2] 3 3],"Q: MIN, MAX and SM are operators on lists of single-digit integers which have the semantics of minimum, maximum and sum modulo 10, respectively. Solve the following expression involving these operators:
[SM [SM 0 4 2 4] [SM 6 8 5 2] 3 3].

A: Let's think step-by-step.","First, we need to evaluate the SM operators. 

We get: SM [0 4 2 4] = (0 + 4 + 2 + 4) modulo 10 = 10 modulo 10 = 0

And: SM [6 8 5 2] = (6 + 8 + 5 + 2) modulo 10 = 21 modulo 10 = 1

Now replace these results in the initial expression: 

We then have: SM [0 1 3 3] = (0 + 1 + 3 + 3) modulo 10 = 7

So the result of the expression [SM [SM 0 4 2 4] [SM 6 8 5 2] 3 3] is 7.",7,7
42,listops,self_consistency,[MAX 4 [SM 7 3 1 1] [MAX 1 5 0 8] 4],"Q: MIN, MAX and SM are operators on lists of single-digit integers which have the semantics of minimum, maximum and sum modulo 10, respectively. Solve the following expression involving these operators:
[MAX 4 [SM 7 3 1 1] [MAX 1 5 0 8] 4].

A: Let's think step-by-step.","Firstly, solve the SM and MAX operator inside brackets.
SM 7 3 1 1 is the sum of 7, 3, 1, 1 then apply the modulo 10 operation to this sum. The sum of these four digits are 12 and mod 10 operation on 12 gives the result 2. Now replace the SM operation with the resulting number in the main expression.

The next operation is MAX 1 5 0 8. The maximum number in the list 1, 5, 0, 8 is 8, so replace the MAX operation with the number 8. Now the main expression looks like:
[MAX 4 2 8 4].

Then, solve the MAX operator which is the maximum number in the list 4, 2, 8, 4 and it is 8. Hence, the result of the given operation is 8.",8,8
43,listops,self_consistency,[SM 3 [MAX 9 7 5 9] 6 [MIN 3 4 8 5]],"Q: MIN, MAX and SM are operators on lists of single-digit integers which have the semantics of minimum, maximum and sum modulo 10, respectively. Solve the following expression involving these operators:
[SM 3 [MAX 9 7 5 9] 6 [MIN 3 4 8 5]].

A: Let's think step-by-step.","First, solve the operations between brackets:

[MAX 9 7 5 9] will return the highest number, which is 9.

[MIN 3 4 8 5] will return the lowest number, which is 3.

So the original expression becomes:

[SM 3 9 6 3].

Finally, sum all the numbers and take the result modulo 10:

3 + 9 + 6 + 3 = 21

21 modulo 10 = 1

So the final result of the expression is 1.",1,1
44,listops,self_consistency,[SM 0 6 [SM 1 6 3 8] [MIN 8 2 5 9]],"Q: MIN, MAX and SM are operators on lists of single-digit integers which have the semantics of minimum, maximum and sum modulo 10, respectively. Solve the following expression involving these operators:
[SM 0 6 [SM 1 6 3 8] [MIN 8 2 5 9]].

A: Let's think step-by-step.","First, calculate the value of the inner SM operator: [SM 1 6 3 8] = (1+6+3+8) mod 10 = 18 mod 10 = 8.

Second, calculate the value of the MIN operator: [MIN 8 2 5 9] = 2.

Finally, put these values into the outer SM operator: [SM 0 6 8 2] = (0+6+8+2) mod 10 = 16 mod 10 = 6. Therefore, the answer to the given expression is 6.",6,6
45,listops,self_consistency,[MIN [MIN 4 7 0 1] 7 [MAX 5 4 0 8] 7],"Q: MIN, MAX and SM are operators on lists of single-digit integers which have the semantics of minimum, maximum and sum modulo 10, respectively. Solve the following expression involving these operators:
[MIN [MIN 4 7 0 1] 7 [MAX 5 4 0 8] 7].

A: Let's think step-by-step.","The innermost operation is [MIN 4 7 0 1], which evaluates to the minimum value in the list, i.e., 0.
Next, we have [MAX 5 4 0 8], which evaluates to the maximum value in the list, i.e., 8.
Now, the expression becomes: [MIN 0 7 8 7], which again evaluates to the minimum value in the list, i.e., 0.",0,0
46,listops,self_consistency,[MIN [SM 1 6 4 5] [SM 3 7 9 6] 7 6],"Q: MIN, MAX and SM are operators on lists of single-digit integers which have the semantics of minimum, maximum and sum modulo 10, respectively. Solve the following expression involving these operators:
[MIN [SM 1 6 4 5] [SM 3 7 9 6] 7 6].

A: Let's think step-by-step.","First, SM means that we sum up the numbers and take the result modulo 10.
So, [SM 1 6 4 5] equals (1 + 6 + 4 + 5) mod 10 = 16 mod 10 = 6.

Similarly, [SM 3 7 9 6] equals (3 + 7 + 9 + 6) mod 10 = 25 mod 10 = 5.

Then, the expression becomes [MIN 6 5 7 6].

Lastly, MIN means we take the minimum. 
So, [MIN 6 5 7 6] gives us the minimum of those numbers, which is 5. Therefore, the answer is 5.",5,5
47,listops,self_consistency,[MIN 5 [MIN 6 8 8 7] [SM 1 5 7 5] 1],"Q: MIN, MAX and SM are operators on lists of single-digit integers which have the semantics of minimum, maximum and sum modulo 10, respectively. Solve the following expression involving these operators:
[MIN 5 [MIN 6 8 8 7] [SM 1 5 7 5] 1].

A: Let's think step-by-step.","1. The innermost operator is MIN which is applied to the list [6 8 8 7]. The minimum number in this list is 6.
2. Now, the expression becomes [MIN 5 6 [SM 1 5 7 5] 1].
3. The next operator to compute is SM on the list [1 5 7 5]. The sum of this list is 18, but since the operator is ""sum modulo 10"", we only take the last digit of the sum which is 8.
4. Replace the SM operation with the computed result, the expression becomes [MIN 5 6 8 1].
5. The final computation is to find the minimum number in the list [5 6 8 1], which is 1.
So, the result of the given expression is 1.",1,1
48,listops,self_consistency,[MIN 7 [SM 1 7 4 9] 3 [SM 2 3 7 7]],"Q: MIN, MAX and SM are operators on lists of single-digit integers which have the semantics of minimum, maximum and sum modulo 10, respectively. Solve the following expression involving these operators:
[MIN 7 [SM 1 7 4 9] 3 [SM 2 3 7 7]].

A: Let's think step-by-step.","First, let's compute the SM operations:
[SM 1 7 4 9] = (1 + 7 + 4 + 9) mod 10 = 21 mod 10 = 1
[SM 2 3 7 7] = (2 + 3 + 7 + 7) mod 10 = 19 mod 10 = 9

So, our expression becomes:
[MIN 7 1 3 9]

And finally, computing the MIN operation results in the smallest number among {7, 1, 3, 9}, which is 1. So the final answer is 1.",1,1
49,listops,self_consistency,[MAX [SM 3 6 1 2] [SM 9 5 2 6] 8 9],"Q: MIN, MAX and SM are operators on lists of single-digit integers which have the semantics of minimum, maximum and sum modulo 10, respectively. Solve the following expression involving these operators:
[MAX [SM 3 6 1 2] [SM 9 5 2 6] 8 9].

A: Let's think step-by-step.","First, calculate the sums using the SM operator.
SM 3 6 1 2 = (3+6+1+2) modulo 10 = 12 modulo 10 = 2
SM 9 5 2 6 = (9+5+2+6) modulo 10 = 22 modulo 10 = 2

Now, the expression becomes:
MAX [SM 3 6 1 2] [SM 9 5 2 6] 8 9 = MAX 2 2 8 9

Lastly, apply the MAX operator:
This returns the maximum of the list, which is 9.",9,9
50,listops,self_consistency,[MAX 8 [MIN 8 5 2 0] 1 [MIN 5 6 6 1]],"Q: MIN, MAX and SM are operators on lists of single-digit integers which have the semantics of minimum, maximum and sum modulo 10, respectively. Solve the following expression involving these operators:
[MAX 8 [MIN 8 5 2 0] 1 [MIN 5 6 6 1]].

A: Let's think step-by-step.","First, we need to solve the inner expressions with MIN operator:

MIN 8 5 2 0 equals 0 because 0 is the smallest number in this list.

MIN 5 6 6 1 equals 1 because 1 is the smallest number in this list.

Now, the initial expression can be rewritten as:

MAX 8 0 1 1.

And finally, the solution is 8, as 8 is the largest in the list [8,0,1,1]. So, the result of the expression [MAX 8 [MIN 8 5 2 0] 1 [MIN 5 6 6 1]] is 8.",8,8
51,listops,self_consistency,[MAX [MAX 2 4 8 3] 2 9 [MAX 3 6 3 1]],"Q: MIN, MAX and SM are operators on lists of single-digit integers which have the semantics of minimum, maximum and sum modulo 10, respectively. Solve the following expression involving these operators:
[MAX [MAX 2 4 8 3] 2 9 [MAX 3 6 3 1]].

A: Let's think step-by-step.","First, we find the maximum in the first list. [MAX 2 4 8 3] = 8 (because 8 is the highest number in that list).

Next, we find the maximum in the second list. [MAX 3 6 3 1] = 6 (as 6 is the highest number in that list).

The initial expression reduces to [MAX 8 2 9 6].

Now, if we apply the MAX operator to this list, we get 9 because 9 is the maximum of these numbers.

So, [MAX [MAX 2 4 8 3] 2 9 [MAX 3 6 3 1]] = 9.",9,9
52,listops,self_consistency,[SM 6 5 [MIN 1 9 6 7] [MIN 3 6 3 9]],"Q: MIN, MAX and SM are operators on lists of single-digit integers which have the semantics of minimum, maximum and sum modulo 10, respectively. Solve the following expression involving these operators:
[SM 6 5 [MIN 1 9 6 7] [MIN 3 6 3 9]].

A: Let's think step-by-step.","First, we will calculate the MIN operations:
[MIN 1 9 6 7] returns the smallest integer from the set {1, 9, 6, 7}, which is 1.
[MIN 3 6 3 9] returns the smallest integer from the set {3, 6, 3, 9}, which is 3.
So, our expression now becomes [SM 6 5 1 3].

Now, let's calculate the SM operation:
SM stands for sum modulo 10, that is, we sum up the digits and take modulo 10.
6 + 5 + 1 + 3 = 15. If we take modulo 10 of this sum, we get 5.

So, the result of the expression is 5.",5,5
53,listops,self_consistency,[MIN [SM 8 5 3 3] 6 [SM 2 3 1 7] 4],"Q: MIN, MAX and SM are operators on lists of single-digit integers which have the semantics of minimum, maximum and sum modulo 10, respectively. Solve the following expression involving these operators:
[MIN [SM 8 5 3 3] 6 [SM 2 3 1 7] 4].

A: Let's think step-by-step.","First, we calculate the sum modulo 10 for both SM expressions.

SM 8 5 3 3 = (8+5+3+3) mod 10 = 19 mod 10 = 9
SM 2 3 1 7 = (2+3+1+7) mod 10 = 13 mod 10 = 3

The expression then becomes: MIN [9 6 3 4]

Finally, we apply the MIN operator, taking the smallest value in the list, which is 3.

So, the final result is 3.",3,3
54,listops,self_consistency,[SM 9 1 [SM 1 2 7 1] [SM 5 3 2 0]],"Q: MIN, MAX and SM are operators on lists of single-digit integers which have the semantics of minimum, maximum and sum modulo 10, respectively. Solve the following expression involving these operators:
[SM 9 1 [SM 1 2 7 1] [SM 5 3 2 0]].

A: Let's think step-by-step.","First, we need to solve the SM operations inside the main brackets.
SM stands for sum modulo 10, means we sum all the numbers and then take the modulo with respect to 10. 
SM 1 2 7 1 equals to (1+2+7+1) mod 10 = 11 mod 10 = 1.
SM 5 3 2 0 equals to (5+3+2+0) mod 10 = 10 mod 10 = 0. 

So, the original expression turns into [SM 9 1 1 0].

Second, we apply the SM operation again:
SM 9 1 1 0 equals to (9+1+1+0) mod 10 = 11 mod 10 = 1.

So, the final answer is 1.",1,1
55,listops,self_consistency,[SM 2 [SM 1 5 5 3] [MIN 5 8 1 2] 3],"Q: MIN, MAX and SM are operators on lists of single-digit integers which have the semantics of minimum, maximum and sum modulo 10, respectively. Solve the following expression involving these operators:
[SM 2 [SM 1 5 5 3] [MIN 5 8 1 2] 3].

A: Let's think step-by-step.","First we compute the innermost brackets:

1. [SM 1 5 5 3] = (1 + 5 + 5 + 3) modulo 10 = 14 modulo 10 = 4
2. [MIN 5 8 1 2] = 1 (since 1 is the minimum number in the list)

So the original expression simplifies to [SM 2 4 1 3].

Finally, we compute SM operator again:
[SM 2 4 1 3] = (2 + 4 + 1 + 3) modulo 10 = 10 modulo 10 = 0

So, the answer is 0.",0,0
56,listops,self_consistency,[MAX 0 8 [MAX 6 0 8 7] [SM 8 2 6 0]],"Q: MIN, MAX and SM are operators on lists of single-digit integers which have the semantics of minimum, maximum and sum modulo 10, respectively. Solve the following expression involving these operators:
[MAX 0 8 [MAX 6 0 8 7] [SM 8 2 6 0]].

A: Let's think step-by-step.","First, we need to calculate the innermost operator. 

The first one is [MAX 6 0 8 7], which corresponds to the maximum number in the list [6, 0, 8, 7]. The maximum number in this list is 8. 

The second operator is [SM 8 2 6 0], which corresponds to the sum of the numbers in the list [8, 2, 6, 0] modulo 10. The sum of these numbers is 16, which modulo 10 equals 6.

So, the initial operation can be simplified to:
[MAX 0 8 8 6].

Next, we're finding the maximum number in the list [0, 8, 8, 6]. Again, the maximum number here is 8. Therefore, the final result of the operation is 8.",8,8
57,listops,self_consistency,[MAX [MAX 7 5 0 4] [SM 0 1 6 4] 8 7],"Q: MIN, MAX and SM are operators on lists of single-digit integers which have the semantics of minimum, maximum and sum modulo 10, respectively. Solve the following expression involving these operators:
[MAX [MAX 7 5 0 4] [SM 0 1 6 4] 8 7].

A: Let's think step-by-step.","First, let's solve inner operators:

MAX 7 5 0 4 = 7, because 7 is the largest integer in this list.

SM 0 1 6 4 = (0 + 1 + 6 + 4) modulo 10 = 11 modulo 10 = 1.

So now our expression looks like [MAX 7 1 8 7].

Then, let's solve the remaining operator:

MAX 7 1 8 7 gives us a result of 8, because 8 is the largest integer in this list. So the solution is 8.",8,8
58,listops,self_consistency,[SM 9 3 [MAX 2 7 0 1] [MIN 9 6 9 6]],"Q: MIN, MAX and SM are operators on lists of single-digit integers which have the semantics of minimum, maximum and sum modulo 10, respectively. Solve the following expression involving these operators:
[SM 9 3 [MAX 2 7 0 1] [MIN 9 6 9 6]].

A: Let's think step-by-step.","First, consider the MAX operation. [MAX 2 7 0 1] will return the maximum number in the list, which is 7.

Next, consider the MIN operation. [MIN 9 6 9 6] will return the minimum number in the list, which is 6.

Now, we have the expression [SM 9 3 7 6]. Remember, SM is the sum modulo 10.

This means we add up all the numbers together and if the result is more than 10, we take the remainder when this sum is divided by 10: (9 + 3 + 7 + 6) mod 10 = 25 mod 10 = 5.

Therefore, the result of the whole expression is 5.",5,5
59,listops,self_consistency,[MIN 2 6 [SM 6 9 1 1] [MAX 5 4 6 2]],"Q: MIN, MAX and SM are operators on lists of single-digit integers which have the semantics of minimum, maximum and sum modulo 10, respectively. Solve the following expression involving these operators:
[MIN 2 6 [SM 6 9 1 1] [MAX 5 4 6 2]].

A: Let's think step-by-step.","First, solve the expressions in the inner brackets.

[SM 6 9 1 1] sums the numbers and takes their modulo 10. So, 6+9+1+1 equals 17 and its modulo 10 is 7.

[MAX 5 4 6 2] returns the maximum number which is 6.

So the original expression now becomes [MIN 2 6 7 6].

Finally, the MIN operator returns the smallest number, so the whole expression simplifies to 2.",2,2
60,listops,self_consistency,[SM 0 [SM 2 9 6 7] 4 [MAX 9 3 3 7]],"Q: MIN, MAX and SM are operators on lists of single-digit integers which have the semantics of minimum, maximum and sum modulo 10, respectively. Solve the following expression involving these operators:
[SM 0 [SM 2 9 6 7] 4 [MAX 9 3 3 7]].

A: Let's think step-by-step.","Firstly, apply the SM operation on the inner-most list: SM 2 9 6 7. Here, we add the numbers and take the result modulo 10, that means (2+9+6+7)%10 = 24%10 = 4. Now, the expression becomes [SM 0 4 4 [MAX 9 3 3 7]].

Then, perform the MAX operation on the list: MAX 9 3 3 7. This operation gives the maximum value from the list, which is 9. Now, the expression becomes [SM 0 4 4 9].

Finally, perform the SM operation on the list: SM 0 4 4 9. Here again, we add the numbers and take the result modulo 10, that means (0+4+4+9)%10 = 17%10 = 7.

So, the final result is 7.",7,7
61,listops,self_consistency,[MIN [SM 5 8 0 6] [MAX 8 2 5 2] 5 1],"Q: MIN, MAX and SM are operators on lists of single-digit integers which have the semantics of minimum, maximum and sum modulo 10, respectively. Solve the following expression involving these operators:
[MIN [SM 5 8 0 6] [MAX 8 2 5 2] 5 1].

A: Let's think step-by-step.","First, calculate the values inside the SM and MAX operators.

SM 5 8 0 6 equals (5 + 8 + 0 + 6) mod 10 = 19 mod 10 = 9.

MAX 8 2 5 2 equals the maximum value among 8, 2, 5, 2, which is 8.

So, the expression becomes MIN [9 8 5 1].

Finally, MIN 9 8 5 1 equals the minimum value among 9, 8, 5, 1, which is 1. So, the answer is 1.",1,1
62,listops,self_consistency,[MIN [MAX 7 2 5 2] 0 [SM 6 4 0 5] 6],"Q: MIN, MAX and SM are operators on lists of single-digit integers which have the semantics of minimum, maximum and sum modulo 10, respectively. Solve the following expression involving these operators:
[MIN [MAX 7 2 5 2] 0 [SM 6 4 0 5] 6].

A: Let's think step-by-step.","First, perform the operations in the inner brackets.

[MIN [MAX 7 2 5 2] 0 [SM 6 4 0 5] 6].

Becomes:

[MIN 7 0 [(6+4+0+5) mod 10] 6].

Next, calculate the modulo:

[MIN 7 0 [15 mod 10] 6].

Becomes:

[MIN 7 0 5 6].

Using the MIN operator, the answer is the smallest number in the list, which is,

0.",0,0
63,listops,self_consistency,[MIN [SM 7 1 8 9] [MIN 0 2 9 9] 3 5],"Q: MIN, MAX and SM are operators on lists of single-digit integers which have the semantics of minimum, maximum and sum modulo 10, respectively. Solve the following expression involving these operators:
[MIN [SM 7 1 8 9] [MIN 0 2 9 9] 3 5].

A: Let's think step-by-step.","Firstly, we should solve the statements in the square brackets. 

SM 7 1 8 9 means we add 7+1+8+9=25 and then take modulo 10, so the result is 5.

MIN 0 2 9 9 means we find the minimum value among 0, 2, 9 and 9, which is 0.

So our initial expression turns into: MIN [5 0 3 5]. 

The MIN operator finds the smallest value in the bracket, so the final answer is 0.",0,0
64,listops,self_consistency,[MIN 8 [SM 1 8 2 7] 9 [MIN 8 5 8 6]],"Q: MIN, MAX and SM are operators on lists of single-digit integers which have the semantics of minimum, maximum and sum modulo 10, respectively. Solve the following expression involving these operators:
[MIN 8 [SM 1 8 2 7] 9 [MIN 8 5 8 6]].

A: Let's think step-by-step.","First, we need to calculate the value of [SM 1 8 2 7]. The sum of these numbers is 18, but since the operator is sum modulo 10, we take the remainder of the division of 18 by 10, which is 8.

So, we simplify the expression to:
[MIN 8 8 9 [MIN 8 5 8 6]]

Next, we calculate the value of [MIN 8 5 8 6]. The minimum of these numbers is 5. 

So, we simplify the expression further to:
[MIN 8 8 9 5]

Finally, the minimum of 8, 8, 9, and 5 is 5.

So, the result of the expression is 5.",5,5
65,listops,self_consistency,[SM [MAX 9 9 4 9] [MIN 9 1 6 2] 5 4],"Q: MIN, MAX and SM are operators on lists of single-digit integers which have the semantics of minimum, maximum and sum modulo 10, respectively. Solve the following expression involving these operators:
[SM [MAX 9 9 4 9] [MIN 9 1 6 2] 5 4].

A: Let's think step-by-step.","First, let's find the results for MAX and MIN operators. The maximum among 9, 9, 4, and 9 is 9. The minimum among 9, 1, 6, and 2 is 1. 

The expression becomes [SM 9 1 5 4].

Next, we apply the SM operator, which finds the sum and then applies modulo 10. The sum of 9, 1, 5, and 4 is 19.

Finally, we apply modulo 10 to this sum: 19 mod 10 is 9.

So, the answer is 9.",9,9
66,listops,self_consistency,[SM [MIN 2 2 1 4] [SM 8 8 5 0] 9 1],"Q: MIN, MAX and SM are operators on lists of single-digit integers which have the semantics of minimum, maximum and sum modulo 10, respectively. Solve the following expression involving these operators:
[SM [MIN 2 2 1 4] [SM 8 8 5 0] 9 1].

A: Let's think step-by-step.","First, solve the operation inside the innermost brackets:

MIN 2 2 1 4 equals 1 (since 1 is the smallest number in the list)

SM 8 8 5 0 equals 21 modulo 10, which is 1 (since the sum of the numbers is 21 and the remainder when 21 is divided by 10 is 1)

So now our expression has become:

SM [1] [1] 9 1.

Then we simply add these:

SM 1 1 9 1 equals 12 modulo 10, which is 2 (since the sum of the numbers is 12 and the remainder when 12 is divided by 10 is 2)

So the final result is 2.",2,2
67,listops,self_consistency,[MAX [MIN 1 7 3 1] [MIN 9 1 7 3] 9 9],"Q: MIN, MAX and SM are operators on lists of single-digit integers which have the semantics of minimum, maximum and sum modulo 10, respectively. Solve the following expression involving these operators:
[MAX [MIN 1 7 3 1] [MIN 9 1 7 3] 9 9].

A: Let's think step-by-step.","First, find the minimums in both [MIN 1 7 3 1] and [MIN 9 1 7 3]. For [MIN 1 7 3 1] the smallest number is 1. For [MIN 9 1 7 3], the smallest number is also 1. So the expression simplifies to [MAX 1 1 9 9].

Then, find the maximum of these numbers [MAX 1 1 9 9]. The largest number here is 9. 

So, the solution is 9.",9,9
68,listops,self_consistency,[MAX 9 [MAX 6 9 8 1] [MAX 8 3 8 8] 0],"Q: MIN, MAX and SM are operators on lists of single-digit integers which have the semantics of minimum, maximum and sum modulo 10, respectively. Solve the following expression involving these operators:
[MAX 9 [MAX 6 9 8 1] [MAX 8 3 8 8] 0].

A: Let's think step-by-step.","First, we have three MAX operations to solve: 
- MAX of 6, 9, 8, 1 is 9 
- MAX of 8, 3, 8, 8 is 8 

Then, we substitute those values back into the expression: 
- MAX of 9, 9, 8, 0 is 9 

This means the answer is 9.",9,9
69,listops,self_consistency,[MAX [MAX 6 8 0 1] [MAX 1 6 2 2] 8 2],"Q: MIN, MAX and SM are operators on lists of single-digit integers which have the semantics of minimum, maximum and sum modulo 10, respectively. Solve the following expression involving these operators:
[MAX [MAX 6 8 0 1] [MAX 1 6 2 2] 8 2].

A: Let's think step-by-step.","First, finding the maximum of each sub-list. The MAX of [6 8 0 1] is 8 and the MAX of [1 6 2 2] is 6.

Then, replacing the sub-lists with their maxima, the expression becomes [MAX 8 6 8 2].

Finally, finding the MAX of this remaining list, [8 6 8 2], gives the final result of 8.",8,8
70,listops,self_consistency,[MAX 6 7 [MIN 0 1 9 2] [SM 3 0 1 4]],"Q: MIN, MAX and SM are operators on lists of single-digit integers which have the semantics of minimum, maximum and sum modulo 10, respectively. Solve the following expression involving these operators:
[MAX 6 7 [MIN 0 1 9 2] [SM 3 0 1 4]].

A: Let's think step-by-step.","First, evaluate the inside square brackets:

1. [MIN 0 1 9 2] - The minimum number among 0, 1, 9 and 2 is 0.
2. [SM 3 0 1 4] - The sum of 3, 0, 1, 4 is 8, but we need to find the sum modulo 10. Any number modulo 10 will be that number itself for numbers less than 10 so, it is 8.

Substitute these results back into the original equation: [MAX 6 7 0 8]

Finally, find the maximum number among 6, 7, 0 and 8. The max is 8.

So, the result is 8.",8,8
71,listops,self_consistency,[MIN 3 4 [MAX 0 0 0 2] [MIN 2 3 9 4]],"Q: MIN, MAX and SM are operators on lists of single-digit integers which have the semantics of minimum, maximum and sum modulo 10, respectively. Solve the following expression involving these operators:
[MIN 3 4 [MAX 0 0 0 2] [MIN 2 3 9 4]].

A: Let's think step-by-step.","First we solve the innermost brackets.

[MAX 0 0 0 2] = 2 (since 2 is the maximum)
[MIN 2 3 9 4] = 2 (since 2 is the minimum)

Now we substitute these values back into the original equation:

[MIN 3 4 2 2] 

Since 2 is the smallest number, our answer is 2.",2,2
72,listops,self_consistency,[SM [MAX 4 8 5 0] 6 [SM 9 6 3 9] 4],"Q: MIN, MAX and SM are operators on lists of single-digit integers which have the semantics of minimum, maximum and sum modulo 10, respectively. Solve the following expression involving these operators:
[SM [MAX 4 8 5 0] 6 [SM 9 6 3 9] 4].

A: Let's think step-by-step.","Firstly, solve the innermost square brackets within the expression:

1. [MAX 4 8 5 0] = 8 (it is the biggest number among 4, 8, 5, 0)
2. [SM 9 6 3 9] = 7 (as the sum of 9, 6, 3, 9 is 27 and 27 modulo 10 is 7)

Now, the expression is: [SM 8 6 7 4]

Next, simply add these numbers:

- 8 + 6 + 7 + 4 = 25

Finally, apply modulo 10 on this sum. So, the answer would be 25 modulo 10 = 5.",5,5
73,listops,self_consistency,[MAX 9 [MIN 0 1 0 9] 4 [MIN 9 0 7 0]],"Q: MIN, MAX and SM are operators on lists of single-digit integers which have the semantics of minimum, maximum and sum modulo 10, respectively. Solve the following expression involving these operators:
[MAX 9 [MIN 0 1 0 9] 4 [MIN 9 0 7 0]].

A: Let's think step-by-step.","First, we need to solve the MIN operators: 
MIN 0 1 0 9 will return the smallest number, which is 0.
MIN 9 0 7 0 will also return the smallest number, which is 0. 

Now our expression is: [MAX 9 0 4 0]. The MAX operator will return the largest number. 

So, the answer is 9.",9,9
74,listops,self_consistency,[MAX [MAX 9 9 9 6] 1 2 [MAX 7 6 3 8]],"Q: MIN, MAX and SM are operators on lists of single-digit integers which have the semantics of minimum, maximum and sum modulo 10, respectively. Solve the following expression involving these operators:
[MAX [MAX 9 9 9 6] 1 2 [MAX 7 6 3 8]].

A: Let's think step-by-step.","First, let's solve the operations in the square brackets [].
The first operation is [MAX 9 9 9 6] which means we need to find the maximum number among 9, 9, 9 and 6. It's 9.
The second operation is [MAX 7 6 3 8] which means we need to find the maximum number among 7, 6, 3 and 8. It's 8.

Now, we replace these operations in the original expression:
MAX [9] 1 2 [8]
Turns into:
MAX 9 1 2 8
And we need to find out the maximum number among 9, 1, 2, and 8, which is 9.
Final answer is 9.",9,9
75,listops,self_consistency,[MIN [SM 6 8 7 1] [MIN 2 8 8 9] 7 1],"Q: MIN, MAX and SM are operators on lists of single-digit integers which have the semantics of minimum, maximum and sum modulo 10, respectively. Solve the following expression involving these operators:
[MIN [SM 6 8 7 1] [MIN 2 8 8 9] 7 1].

A: Let's think step-by-step.","First, we calculate the sum of 6, 8, 7, and 1, which is 22. However, given that every operation is modulo 10, we must calculate 22 mod 10 which gives us 2. So, SM 6 8 7 1 equals to 2. 
The following operation, MIN 2 8 8 9, requires us to find the lowest value among 2, 8, 8, and 9, which is 2.
Then we need to find the minimum of 2 (SM 6 8 7 1), 2 (MIN 2 8 8 9), 7, and 1. The minimum value among these is 1. 

So, the result of the operation [MIN [SM 6 8 7 1] [MIN 2 8 8 9] 7 1] is 1.",1,1
76,listops,self_consistency,[MIN [MAX 9 0 2 7] 0 3 [SM 8 6 3 7]],"Q: MIN, MAX and SM are operators on lists of single-digit integers which have the semantics of minimum, maximum and sum modulo 10, respectively. Solve the following expression involving these operators:
[MIN [MAX 9 0 2 7] 0 3 [SM 8 6 3 7]].

A: Let's think step-by-step.","First, let's solve the inner operations:
MAX 9 0 2 7 gives us the maximum out of the list, which is 9.
SM 8 6 3 7 gives us the sum of the numbers, which is 8 + 6 + 3 + 7 = 24. Using modulo 10, we get 24 % 10 = 4.

So, the expression now becomes:
MIN [MAX 9 0 2 7] 0 3 [SM 8 6 3 7] = MIN 9 0 3 4.

Next, MIN 9 0 3 4 returns the minimum number of the list which is 0. So, the solution is 0.",0,0
77,listops,self_consistency,[SM [SM 4 5 8 6] 4 [SM 9 8 7 4] 1],"Q: MIN, MAX and SM are operators on lists of single-digit integers which have the semantics of minimum, maximum and sum modulo 10, respectively. Solve the following expression involving these operators:
[SM [SM 4 5 8 6] 4 [SM 9 8 7 4] 1].

A: Let's think step-by-step.","First, calculate the SM operator values in the expression.

    SM [4 5 8 6] = (4 + 5 + 8 + 6) mod 10 = 23 mod 10 = 3

    SM [9 8 7 4] = (9 + 8 + 7 + 4) mod 10 = 28 mod 10 = 8

So, our expression becomes SM [3 4 8 1].

Now, just solve this final SM operation.

    SM [3 4 8 1] = (3+4+8+1) mod 10 = 16 mod 10 = 6

So, the answer is 6.",6,6
78,listops,self_consistency,[SM 4 [MAX 0 5 0 8] [MAX 5 6 8 5] 7],"Q: MIN, MAX and SM are operators on lists of single-digit integers which have the semantics of minimum, maximum and sum modulo 10, respectively. Solve the following expression involving these operators:
[SM 4 [MAX 0 5 0 8] [MAX 5 6 8 5] 7].

A: Let's think step-by-step.","First, let's solve the two MAX operations:
MAX 0 5 0 8 = 8 (since 8 is the maximum number in the list)
MAX 5 6 8 5 = 8 (since 8 is the maximum number in the list)

Now, our equation is reduced to: SM 4 8 8 7.

Next, let's solve the SM operation. Since SM stands for sum modulo 10, we need to add all the numbers and find the remainder when divided by 10:

SM 4 8 8 7 = (4 + 8 + 8 + 7) mod 10 = 27 mod 10 = 7 

So, the answer to the expression is 7.",7,7
79,listops,self_consistency,[MIN 9 [MIN 2 4 4 3] 3 [MAX 0 7 8 0]],"Q: MIN, MAX and SM are operators on lists of single-digit integers which have the semantics of minimum, maximum and sum modulo 10, respectively. Solve the following expression involving these operators:
[MIN 9 [MIN 2 4 4 3] 3 [MAX 0 7 8 0]].

A: Let's think step-by-step.","Firstly, let's solve operations inside the innermost brackets. We have:
MIN 2 4 4 3 which equals 2 (we choose minimum), and
MAX 0 7 8 0 which equals 8 (we choose maximum).

Now substitute these results back into the original expression, we get:

MIN 9 2 3 8

and the minimum between 9, 2, 3, 8 is 2, so the answer is 2.",2,2
80,listops,self_consistency,[SM 9 [MIN 7 3 9 3] 7 [MAX 1 1 3 7]],"Q: MIN, MAX and SM are operators on lists of single-digit integers which have the semantics of minimum, maximum and sum modulo 10, respectively. Solve the following expression involving these operators:
[SM 9 [MIN 7 3 9 3] 7 [MAX 1 1 3 7]].

A: Let's think step-by-step.","First, we need to solve the operations inside the brackets. [MIN 7 3 9 3] will return the minimum number in the list, which is 3.

Similarly, [MAX 1 1 3 7] will return the maximum number in the list, which is 7.

Now our expression looks like: [SM 9 3 7 7].

Finally, let's apply SM operator. SM will add all the numbers and then take the result modulo 10.

So, 9 + 3 + 7 + 7 = 26. And, 26 modulo 10 is 6.

Therefore, the final answer is 6.",6,6
81,listops,self_consistency,[SM [MIN 3 8 6 5] 1 [SM 7 7 9 1] 2],"Q: MIN, MAX and SM are operators on lists of single-digit integers which have the semantics of minimum, maximum and sum modulo 10, respectively. Solve the following expression involving these operators:
[SM [MIN 3 8 6 5] 1 [SM 7 7 9 1] 2].

A: Let's think step-by-step.","First, let's solve the operations inside the brackets.

MIN 3 8 6 5 results in the minimum number in the list i.e., 3.

SM 7 7 9 1 results in the sum of numbers in the list i.e., 24. However, because the SM operator represents sum modulo 10, we will take the remainder when 24 is divided by 10, which is 4.

So, now the original expression becomes
SM [3] 1 [4] 2 

SM operator will add all the numbers and take modulus 10, so
SM 3 1 4 2 = 10
Modulus 10 of 10 is 0. 

So, the answer is 0.",0,0
82,listops,self_consistency,[MAX [MIN 9 4 8 8] [MAX 1 9 7 2] 7 8],"Q: MIN, MAX and SM are operators on lists of single-digit integers which have the semantics of minimum, maximum and sum modulo 10, respectively. Solve the following expression involving these operators:
[MAX [MIN 9 4 8 8] [MAX 1 9 7 2] 7 8].

A: Let's think step-by-step.","First, let's evaluate the innermost expressions:

MIN 9 4 8 8 gives the smallest integer, which is 4.

MAX 1 9 7 2 gives the largest integer, which is 9.

The expression now reads: MAX [4] [9] 7 8.

Now perform the MAX operation on this list of numbers:

MAX [4 9 7 8] gives the largest integer, which is 9.

So the answer to your expression is 9.",9,9
83,listops,self_consistency,[MIN [SM 5 2 4 8] [MAX 7 9 3 5] 2 2],"Q: MIN, MAX and SM are operators on lists of single-digit integers which have the semantics of minimum, maximum and sum modulo 10, respectively. Solve the following expression involving these operators:
[MIN [SM 5 2 4 8] [MAX 7 9 3 5] 2 2].

A: Let's think step-by-step.","First, we'll figure out [SM 5 2 4 8]. The sum of these numbers is 19 and taking modulo 10 of 19 gives us 9.
Second, find [MAX 7 9 3 5]. The maximum number among these is 9.
Substitute these values back to the original question, we get [MIN 9 9 2 2].
Finally, the minimum of 9, 9, 2 and 2 is 2. So, the answer is 2.",2,2
84,listops,self_consistency,[MIN 6 [MIN 9 6 4 8] [MAX 5 8 4 9] 1],"Q: MIN, MAX and SM are operators on lists of single-digit integers which have the semantics of minimum, maximum and sum modulo 10, respectively. Solve the following expression involving these operators:
[MIN 6 [MIN 9 6 4 8] [MAX 5 8 4 9] 1].

A: Let's think step-by-step.","First, solve the inside expressions [MIN 9 6 4 8] and [MAX 5 8 4 9].

MIN 9 6 4 8 equals to 4 as it's the smallest number in the list [9, 6, 4, 8].
MAX 5 8 4 9 equals to 9 as it's the largest number in the list [5, 8, 4, 9].

So, the initial expression turns into [MIN 6 4 9 1].

Now, while solving the expression [MIN 6 4 9 1], the result would be 1 as it's the smallest number in the list [6, 4, 9, 1]. Therefore, the solution to the expression is 1.",1,1
85,listops,self_consistency,[MIN 6 [SM 4 9 0 7] 6 [MIN 9 7 7 4]],"Q: MIN, MAX and SM are operators on lists of single-digit integers which have the semantics of minimum, maximum and sum modulo 10, respectively. Solve the following expression involving these operators:
[MIN 6 [SM 4 9 0 7] 6 [MIN 9 7 7 4]].

A: Let's think step-by-step.","First, calculate the innermost operation SM, which is sum modulo 10. 

SM 4 9 0 7 = (4 + 9 + 0 + 7) mod 10 = 20 mod 10 = 0.

So, the expression is simplified to:
MIN 6 0 6 MIN 9 7 7 4

For the rightmost MIN operator, the minimum of 9, 7, 7, and 4 is 4. Therefore, the expression now becomes:
MIN 6 0 6 4

Then, for the MIN operator, we are looking for the smallest number. Thus, the overall solution of the expression is:
MIN 6 0 6 4 = 0.",0,0
86,listops,self_consistency,[MIN [MAX 0 4 2 3] 8 0 [MIN 1 7 3 6]],"Q: MIN, MAX and SM are operators on lists of single-digit integers which have the semantics of minimum, maximum and sum modulo 10, respectively. Solve the following expression involving these operators:
[MIN [MAX 0 4 2 3] 8 0 [MIN 1 7 3 6]].

A: Let's think step-by-step.","The MAX operation in the first part of the expression will give us the maximum number among 0, 4, 2, 3. The maximum number here is 4.

Therefore, the expression becomes [MIN 4 8 0 [MIN 1 7 3 6]].

Next, the MIN operation in the second part of the expression will give us the minimum number among 1, 7, 3, 6 which is 1.

Hence, the expression now becomes [MIN 4 8 0 1].

Finally, the MIN operation gives us the minimum number among 4, 8, 0, 1, which is 0. 

So, the answer is 0.",0,0
87,listops,self_consistency,[MIN [SM 8 9 1 0] [MIN 2 6 8 3] 0 8],"Q: MIN, MAX and SM are operators on lists of single-digit integers which have the semantics of minimum, maximum and sum modulo 10, respectively. Solve the following expression involving these operators:
[MIN [SM 8 9 1 0] [MIN 2 6 8 3] 0 8].

A: Let's think step-by-step.","Firstly, we calculate the SM operator: (8+9+1+0) modulo 10 equals (18) modulo 10, so SM 8 9 1 0 equals 8.

So the expression becomes [MIN [8] [MIN 2 6 8 3] 0 8].

Then, we calculate the inner MIN operator: the smallest number among 2, 6, 8, 3 is 2.

So the expression becomes [MIN 8 2 0 8].

Finally, the smallest number among 8, 2, 0, 8 is 0. 

So, the result of the whole expression is 0.",0,0
88,listops,self_consistency,[SM 4 2 [MIN 7 8 7 4] [MAX 5 3 3 9]],"Q: MIN, MAX and SM are operators on lists of single-digit integers which have the semantics of minimum, maximum and sum modulo 10, respectively. Solve the following expression involving these operators:
[SM 4 2 [MIN 7 8 7 4] [MAX 5 3 3 9]].

A: Let's think step-by-step.","First, solve the innermost operations:
MIN 7 8 7 4 is 4 MIN operation is used to get the smallest number from given numbers.
MAX 5 3 3 9 is 9 MAX operation is used to get the largest number from given numbers.

Second, substitute these values back into the equation, we have:
SM 4 2 4 9, which is Summing 4, 2, 4, and 9 and taking the result modulo 10.

Adding these numbers together, we get 19. 

The final step is to modulate 19 by 10 (since the SM operator is sum modulo 10). The result of 19 mod 10 is 9.

So, the final output of the expression is 9.",9,9
89,listops,self_consistency,[MAX [MAX 0 2 3 3] [SM 4 3 1 1] 9 6],"Q: MIN, MAX and SM are operators on lists of single-digit integers which have the semantics of minimum, maximum and sum modulo 10, respectively. Solve the following expression involving these operators:
[MAX [MAX 0 2 3 3] [SM 4 3 1 1] 9 6].

A: Let's think step-by-step.","First, the innermost operations should be solved.
In [MAX 0 2 3 3], it returns the maximum value. Therefore, the answer is 3.
On the other hand [SM 4 3 1 1] calculates the sum of the numbers modulo 10. The sum is 9 and when you take modulo 10 of 9, you again get 9.

Our expression now looks like:
[MAX 3 9 9 6]

Finally, calculate the operation with the updated values. The MAX operation again returns the maximum value so the final answer to the problem is 9.",9,9
90,listops,self_consistency,[MAX [MIN 2 1 3 4] [MAX 3 7 3 4] 2 2],"Q: MIN, MAX and SM are operators on lists of single-digit integers which have the semantics of minimum, maximum and sum modulo 10, respectively. Solve the following expression involving these operators:
[MAX [MIN 2 1 3 4] [MAX 3 7 3 4] 2 2].

A: Let's think step-by-step.","First, calculate the minimum and maximum in the first set of brackets:
MIN 2 1 3 4 = 1 (since 1 is the smallest number)
MAX 3 7 3 4 = 7 (since 7 is the largest number)

Then the expression becomes:
MAX [1] [7] 2 2 

Then select the maximum number from these:
MAX 1 7 2 2 = 7 (since 7 is the largest number)

So the result is 7.",7,7
91,listops,self_consistency,[MIN [MIN 0 1 3 9] 7 [MIN 4 7 1 1] 6],"Q: MIN, MAX and SM are operators on lists of single-digit integers which have the semantics of minimum, maximum and sum modulo 10, respectively. Solve the following expression involving these operators:
[MIN [MIN 0 1 3 9] 7 [MIN 4 7 1 1] 6].

A: Let's think step-by-step.","First, consider the innermost MIN operations: [MIN 0 1 3 9] yields the smallest of these numbers, which is 0. [MIN 4 7 1 1] also yields the smallest of these numbers, which is 1. 

So the given expression now becomes: [MIN 0 7 1 6]

Finally, performing the MIN operation on these numbers also yields the smallest of these numbers, that is, 0.",0,0
92,listops,self_consistency,[MIN [MAX 8 5 9 0] [SM 5 4 7 1] 0 5],"Q: MIN, MAX and SM are operators on lists of single-digit integers which have the semantics of minimum, maximum and sum modulo 10, respectively. Solve the following expression involving these operators:
[MIN [MAX 8 5 9 0] [SM 5 4 7 1] 0 5].

A: Let's think step-by-step.","Firstly, we know that the MAX operator will give us the maximum number from the list (8, 5, 9, 0), which is 9.
Then, we can calculate the sum of numbers (5, 4, 7, 1). The result is 17, but we take it modulo 10. So, SM will give us 7.
After these steps, our expression will look like: [MIN 9 7 0 5].
Now, we need to find the minimum number from this list, which is 0. So, the answer is 0.",0,0
93,listops,self_consistency,[MIN [MIN 0 3 6 1] 5 1 [SM 1 9 4 0]],"Q: MIN, MAX and SM are operators on lists of single-digit integers which have the semantics of minimum, maximum and sum modulo 10, respectively. Solve the following expression involving these operators:
[MIN [MIN 0 3 6 1] 5 1 [SM 1 9 4 0]].

A: Let's think step-by-step.","First, we need to solve the innermost operations. 


`MIN 0 3 6 1`, would give us the minimum value in this list, which is 0.


`SM 1 9 4 0`, adds the numbers and takes the modulo 10. The sum of these numbers is 14, and 14 modulo 10 is 4.


Now, we replace these operations in the original statement with their results. We get:


`MIN 0 5 1 4`


Finally, we find the minimum of this list, which is 0. So, the answer to the given expression is 0.",0,0
94,listops,self_consistency,[MIN [MAX 7 2 3 8] [MAX 2 9 0 0] 7 4],"Q: MIN, MAX and SM are operators on lists of single-digit integers which have the semantics of minimum, maximum and sum modulo 10, respectively. Solve the following expression involving these operators:
[MIN [MAX 7 2 3 8] [MAX 2 9 0 0] 7 4].

A: Let's think step-by-step.","First, find the maximum values within the MAX lists:
MAX 7 2 3 8 = 8
MAX 2 9 0 0 = 9

Next, we replace these MAX operations in the original expression:
MIN [8] [9] 7 4

Finally, find the minimum value in the entire list:
MIN 8 9 7 4 = 4.

So, the solution is 4.",4,4
95,listops,self_consistency,[MAX [MAX 9 5 2 2] 0 6 [SM 2 9 0 2]],"Q: MIN, MAX and SM are operators on lists of single-digit integers which have the semantics of minimum, maximum and sum modulo 10, respectively. Solve the following expression involving these operators:
[MAX [MAX 9 5 2 2] 0 6 [SM 2 9 0 2]].

A: Let's think step-by-step.","First, we calculate the inner MAX and SM operations:

MAX 9 5 2 2 = 9 (it's the maximum number among all)

SM 2 9 0 2 = (2+9+0+2) mod 10 = 13 mod 10 = 3 (it's the sum of all numbers modulo 10)

Then, let's substitute these results back into the expression:

MAX 9 0 6 3 = 9 (it's the maximum number among all).

Thus, the result of the expression MAX [MAX 9 5 2 2] 0 6 [SM 2 9 0 2] is 9.",9,9
96,listops,self_consistency,[MIN [MAX 2 2 9 4] [SM 1 5 5 5] 3 1],"Q: MIN, MAX and SM are operators on lists of single-digit integers which have the semantics of minimum, maximum and sum modulo 10, respectively. Solve the following expression involving these operators:
[MIN [MAX 2 2 9 4] [SM 1 5 5 5] 3 1].

A: Let's think step-by-step.","First, solve the expressions within the innermost brackets. Here, MAX 2 2 9 4 is 9 and SM 1 5 5 5 is (1+5+5+5) mod 10 = 16 mod 10 = 6. 

Then, the original expression turns into MIN [9] [6] 3 1. 

Since  MIN picks the least number in the list, The final answer is 1.",1,1
97,listops,self_consistency,[MAX [SM 5 9 9 6] [MAX 7 9 6 0] 2 4],"Q: MIN, MAX and SM are operators on lists of single-digit integers which have the semantics of minimum, maximum and sum modulo 10, respectively. Solve the following expression involving these operators:
[MAX [SM 5 9 9 6] [MAX 7 9 6 0] 2 4].

A: Let's think step-by-step.","First, let's calculate the values inside the innermost brackets:
- In [SM 5 9 9 6], we total these numbers and take the result modulo 10. The sum is 29, and 29 modulo 10 is 9.
- In [MAX 7 9 6 0], we find the maximum of these four numbers. That's 9.

So our expression becomes:
[MAX 9 9 2 4].

Now we continue by finding the maximum of these numbers, which again is 9. 

Therefore, the result of the expression is 9.",9,9
98,listops,self_consistency,[MIN 7 4 [SM 1 3 1 2] [SM 7 3 0 8]],"Q: MIN, MAX and SM are operators on lists of single-digit integers which have the semantics of minimum, maximum and sum modulo 10, respectively. Solve the following expression involving these operators:
[MIN 7 4 [SM 1 3 1 2] [SM 7 3 0 8]].

A: Let's think step-by-step.","First, we should solve the SM operations:
[SM 1 3 1 2] = (1+3+1+2) mod 10 = 7 mod 10 = 7
[SM 7 3 0 8] = (7+3+0+8) mod 10 = 18 mod 10 = 8

Now, we substitute these results back into the original expression:
[MIN 7 4 7 8]

Finally, applying the MIN operation, we get the minimum among the numbers 7, 4, 7, 8. Therefore, the result is 4.",4,4
99,listops,self_consistency,[MAX 4 4 [MIN 3 1 6 0] [MAX 7 8 3 8]],"Q: MIN, MAX and SM are operators on lists of single-digit integers which have the semantics of minimum, maximum and sum modulo 10, respectively. Solve the following expression involving these operators:
[MAX 4 4 [MIN 3 1 6 0] [MAX 7 8 3 8]].

A: Let's think step-by-step.","First, let's start by solving the innermost expressions:

- [MIN 3 1 6 0] returns the smallest value in the list, so it equals 0. 
- [MAX 7 8 3 8] returns the greatest value in the list, so it equals 8.

So the given expression can be rewritten as:

[MAX 4 4 0 8]

Finally, [MAX 4 4 0 8] returns the greatest value in the list, so it equals 8.",8,8
